id,model,price,rating,has_5g,has_nfc,has_ir_blaster,num_cores,processor_speed,battery_capacity,fast_charging_available,fast_charging,ram_capacity,internal_memory,screen_size,refresh_rate,resolution,num_rear_cameras,num_front_cameras,primary_camera_rear,primary_camera_front,extended_memory_available,extended_upto,brand_id,processor_brand_id,os_id,brand_name,resolution_width,resolution_height,ppi,price_normalized,rating_normalized,processor_speed_normalized,battery_capacity_normalized,fast_charging_normalized,ram_capacity_normalized,internal_memory_normalized,refresh_rate_normalized,primary_camera_rear_normalized,primary_camera_front_normalized,extended_upto_normalized,ppi_normalized,value_score,price_value
279,Asus ROG Phone 6 Pro 5G,89999,88.0,1,1,0,8.0,3.2,6000.0,True,65.0,18,512,6.78,165,"[1080, 2448]",3,1.0,50.0,12.0,False,0.0,45,4.0,3.0,asus,1080,2448,394.6386727659196,0.13379716350013382,0.96551724137931,0.9900990099009899,0.20709648644630557,0.2708333333333333,1.0,0.49606299212598426,0.5833333333333334,0.24242424242424243,0.19597989949748743,0.0,0.4448328152316142,0.697649179979441,739.79
822,Lenovo Legion Pro 2,59999,89.0,1,1,0,8.0,2.84,5000.0,True,120.0,16,512,6.5,144,"[1080, 2400]",2,1.0,64.0,20.0,False,0.0,27,4.0,3.0,lenovo,1080,2400,404.89314829774725,0.08739352297985618,1.0,0.8118811881188117,0.15754001684919966,0.5,0.8823529411764706,0.49606299212598426,0.4666666666666667,0.31313131313131315,0.3299832495812395,0.0,0.46778869106504295,0.6665542083273625,728.07
407,Asus ROG Phone 7,75990,87.0,1,1,0,8.0,3.2,6000.0,True,120.0,18,256,6.8,165,"[1080, 2448]",3,1.0,64.0,32.0,False,0.0,45,4.0,3.0,asus,1080,2448,393.4779707871963,0.1121282101651815,0.9310344827586206,0.9900990099009899,0.20709648644630557,0.5,1.0,0.2440944881889764,0.5833333333333334,0.31313131313131315,0.5309882747068676,0.0,0.44223444436218395,0.6687090835299399,723.5
319,iQOO 11 (16GB RAM + 256GB),64999,89.0,1,1,0,8.0,3.2,5000.0,True,120.0,16,256,6.78,144,"[1440, 3200]",3,1.0,50.0,16.0,False,0.0,14,4.0,3.0,iqoo,1440,3200,517.5625297807978,0.09512746306656912,1.0,0.9900990099009899,0.15754001684919966,0.5,0.8823529411764706,0.2440944881889764,0.4666666666666667,0.24242424242424243,0.26298157453936344,0.0,0.7200126418196597,0.6617762211348843,722.55
442,Asus ROG Phone 6 Batman Edition,72999,88.0,1,1,0,8.0,3.2,6000.0,True,65.0,16,256,6.78,165,"[1080, 2448]",3,1.0,50.0,12.0,False,0.0,45,9.0,3.0,asus,1080,2448,394.6386727659196,0.10750176720530982,0.96551724137931,0.9900990099009899,0.20709648644630557,0.2708333333333333,0.8823529411764706,0.2440944881889764,0.5833333333333334,0.24242424242424243,0.19597989949748743,0.0,0.4448328152316142,0.6422068455653603,704.78
307,OnePlus 10T (16GB RAM + 256GB),55999,87.0,1,1,0,8.0,3.2,4800.0,True,150.0,16,256,6.7,120,"[1080, 2412]",3,1.0,50.0,16.0,False,0.0,4,4.0,3.0,oneplus,1080,2412,394.44076267485747,0.08120637091048584,0.9310344827586206,0.9900990099009899,0.1476287229297785,0.625,0.8823529411764706,0.2440944881889764,0.33333333333333337,0.24242424242424243,0.26298157453936344,0.0,0.44438976970846644,0.6318257372341616,703.57
968,Xiaomi 14,54999,89.0,1,1,1,8.0,3.2,5000.0,True,67.0,12,256,6.43,120,"[1440, 3200]",3,1.0,50.0,32.0,False,0.0,32,4.0,3.0,xiaomi,1440,3200,545.7346737035473,0.07965958289314325,1.0,0.9900990099009899,0.15754001684919966,0.2791666666666667,0.6470588235294117,0.2440944881889764,0.33333333333333337,0.24242424242424243,0.5309882747068676,0.0,0.7830793716436137,0.6303571736473648,702.85
360,Xiaomi 12T Pro 5G,59990,89.0,1,1,1,8.0,3.2,5000.0,True,120.0,8,128,6.67,120,"[1220, 2712]",3,1.0,200.0,20.0,False,0.0,32,4.0,3.0,xiaomi,1220,2712,445.8434858692056,0.08737960188770011,1.0,0.9900990099009899,0.15754001684919966,0.5,0.4117647058823529,0.11811023622047244,0.33333333333333337,1.0,0.3299832495812395,0.0,0.559460943020755,0.6302055071286917,700.81
1,OnePlus 11 5G,54999,89.0,1,1,0,8.0,3.2,5000.0,True,100.0,12,256,6.7,120,"[1440, 3216]",3,1.0,50.0,16.0,False,0.0,4,4.0,3.0,oneplus,1440,3216,525.9210168998101,0.07965958289314325,1.0,0.9900990099009899,0.15754001684919966,0.4166666666666667,0.6470588235294117,0.2440944881889764,0.33333333333333337,0.24242424242424243,0.26298157453936344,0.0,0.7387241197361867,0.6195843440503185,694.77
295,Motorola Edge 30 Ultra (12GB RAM + 256GB),59999,80.0,1,1,0,8.0,3.2,4610.0,True,125.0,12,256,6.67,144,"[1080, 2400]",3,1.0,200.0,60.0,False,0.0,33,4.0,3.0,motorola,1080,2400,394.57353282389164,0.08739352297985618,0.6896551724137931,0.9900990099009899,0.13821299370632836,0.5208333333333334,0.6470588235294117,0.2440944881889764,0.4666666666666667,1.0,0.9999999999999999,0.0,0.4446869916430407,0.6177019384709903,691.43
231,iQOO 11 Pro 5G,58990,89.0,1,1,1,8.0,3.2,4700.0,True,200.0,8,256,6.78,144,"[1440, 3200]",3,1.0,50.0,16.0,False,0.0,14,4.0,3.0,iqoo,1440,3200,517.5625297807978,0.08583281387035752,1.0,0.9900990099009899,0.1426730759700679,0.8333333333333334,0.4117647058823529,0.2440944881889764,0.4666666666666667,0.24242424242424243,0.26298157453936344,0.0,0.7200126418196597,0.6099986305704361,686.04
163,Oppo Reno 10 Pro Plus,58990,88.0,1,1,0,8.0,3.2,4700.0,True,80.0,12,256,6.73,120,"[1080, 2412]",4,1.0,64.0,32.0,False,0.0,1,4.0,3.0,oppo,1080,2412,392.6824829006753,0.08583281387035752,0.96551724137931,0.9900990099009899,0.1426730759700679,0.3333333333333333,0.6470588235294117,0.2440944881889764,0.33333333333333337,0.31313131313131315,0.5309882747068676,0.0,0.44045364912860097,0.6024215461837112,680.36
365,OnePlus 10T (12GB RAM + 256GB),50999,87.0,1,1,0,8.0,3.2,4800.0,True,150.0,12,256,6.7,120,"[1080, 2412]",3,1.0,50.0,16.0,False,0.0,4,4.0,3.0,oneplus,1080,2412,394.44076267485747,0.0734724308237729,0.9310344827586206,0.9900990099009899,0.1476287229297785,0.625,0.6470588235294117,0.2440944881889764,0.33333333333333337,0.24242424242424243,0.26298157453936344,0.0,0.44438976970846644,0.5965316195871028,679.03
700,Asus ROG Phone 6D Ultimate,107990,80.0,1,1,0,8.0,3.2,6000.0,True,65.0,16,512,6.78,165,"[1080, 2448]",3,1.0,50.0,12.0,False,0.0,45,9.0,,asus,1080,2448,394.6386727659196,0.1616254267201443,0.6896551724137931,0.9900990099009899,0.20709648644630557,0.2708333333333333,0.8823529411764706,0.49606299212598426,0.5833333333333334,0.24242424242424243,0.19597989949748743,0.0,0.4448328152316142,0.6248297073628082,678.22
737,Honor 80 Pro Plus,54990,80.0,1,1,0,8.0,3.0,4500.0,True,100.0,12,256,6.78,120,"[1200, 2652]",3,1.0,200.0,50.0,False,0.0,2,4.0,3.0,honor,1200,2652,429.330334341274,0.07964566180098717,0.6896551724137931,0.8910891089108908,0.1327617820506467,0.4166666666666667,0.6470588235294117,0.2440944881889764,0.33333333333333337,1.0,0.8324958123953098,0.0,0.5224942688191121,0.5961713450394441,677.22
401,Samsung Galaxy Note 30 Ultra 5G,104999,80.0,1,1,0,8.0,3.2,4500.0,True,67.0,12,256,6.71,120,"[1440, 3214]",3,1.0,200.0,10.0,True,1024.0,35,4.0,3.0,samsung,1440,3214,524.8652069923219,0.15699898376027263,0.6896551724137931,0.9900990099009899,0.1327617820506467,0.2791666666666667,0.6470588235294117,0.2440944881889764,0.33333333333333337,1.0,0.1624790619765494,0.5,0.7363605623738647,0.6158909773615092,672.67
560,Nubia Red Magic 8 Pro Plus,60999,86.0,1,1,0,8.0,3.2,5000.0,True,165.0,12,256,6.8,120,"[1116, 2480]",3,1.0,50.0,16.0,False,0.0,41,4.0,3.0,nubia,1116,2480,399.931222460765,0.08894031099719878,0.896551724137931,0.9900990099009899,0.15754001684919966,0.6875,0.6470588235294117,0.2440944881889764,0.33333333333333337,0.24242424242424243,0.26298157453936344,0.0,0.45668082376798735,0.5929175240794946,672.45
511,OnePlus 12 Pro,69999,80.0,1,1,0,8.0,3.2,4800.0,True,150.0,12,256,6.73,144,"[1440, 3412]",3,1.0,108.0,32.0,False,0.0,4,4.0,3.0,oneplus,1440,3412,550.2857773010236,0.10286140315328206,0.6896551724137931,0.9900990099009899,0.1476287229297785,0.625,0.6470588235294117,0.2440944881889764,0.4666666666666667,0.5353535353535355,0.5309882747068676,0.0,0.7932675639860178,0.5971473910013667,672.15
488,Nubia Red Magic 7S Pro,60990,86.0,1,1,0,8.0,3.2,5000.0,True,135.0,12,256,6.8,120,"[1080, 2400]",3,1.0,64.0,8.0,False,0.0,41,4.0,3.0,nubia,1080,2400,387.03021528461136,0.08892638990504269,0.896551724137931,0.9900990099009899,0.15754001684919966,0.5625,0.6470588235294117,0.2440944881889764,0.33333333333333337,0.31313131313131315,0.12897822445561138,0.0,0.42780036879564287,0.5920400334866056,671.8
203,Xiaomi 13 Ultra 5G,71999,80.0,1,1,1,8.0,3.2,5000.0,True,120.0,12,256,6.6,120,"[1440, 3200]",4,1.0,108.0,32.0,False,0.0,32,4.0,3.0,xiaomi,1440,3200,531.6778715020923,0.10595497918796723,0.6896551724137931,0.9900990099009899,0.15754001684919966,0.5,0.6470588235294117,0.2440944881889764,0.33333333333333337,0.5353535353535355,0.5309882747068676,0.0,0.7516115306067785,0.5967741595126252,671.09
906,Samsung Galaxy Z Fold 4 (12GB RAM + 1TB),163980,80.0,1,1,0,8.0,3.2,4400.0,True,25.0,12,1024,7.6,120,"[1812, 2176]",3,2.0,50.0,10.0,False,0.0,35,4.0,3.0,samsung,1812,2176,372.58734498086375,0.24823008781115574,0.6896551724137931,0.9900990099009899,0.12780613509093613,0.10416666666666667,0.6470588235294117,1.0,0.33333333333333337,0.24242424242424243,0.1624790619765494,0.0,0.3954682679151942,0.6409796770473917,668.68
275,Xiaomi 12 Pro 5G,50990,89.0,1,1,1,8.0,3.0,4600.0,True,120.0,8,256,6.73,120,"[1440, 3200]",3,1.0,50.0,32.0,False,0.0,32,4.0,3.0,xiaomi,1440,3200,521.4077194522747,0.07345850973161681,1.0,0.8910891089108908,0.1377174290103573,0.5,0.4117647058823529,0.2440944881889764,0.33333333333333337,0.24242424242424243,0.5309882747068676,0.0,0.7286205610038674,0.5825278232926964,668.53
634,Asus ROG Phone 6,71999,86.0,1,1,0,8.0,3.2,6000.0,True,65.0,12,256,6.78,165,"[1080, 2448]",3,1.0,50.0,12.0,False,0.0,45,4.0,3.0,asus,1080,2448,394.6386727659196,0.10595497918796723,0.896551724137931,0.9900990099009899,0.20709648644630557,0.2708333333333333,0.6470588235294117,0.2440944881889764,0.5833333333333334,0.24242424242424243,0.19597989949748743,0.0,0.4448328152316142,0.5931196244700258,668.35
616,Motorola Edge Plus,57999,89.0,1,1,0,8.0,2.84,5000.0,True,18.0,12,256,6.7,90,"[1080, 2340]",3,1.0,108.0,25.0,False,0.0,33,4.0,3.0,motorola,1080,2340,384.65787931190204,0.08429994694517101,1.0,0.8118811881188117,0.15754001684919966,0.075,0.6470588235294117,0.2440944881889764,0.16666666666666663,0.5353535353535355,0.41373534338358453,0.0,0.42248960961974324,0.5850651597332884,667.72
98,iQOO 11 5G,59999,88.0,1,1,0,8.0,3.2,5000.0,True,120.0,8,256,6.78,144,"[1440, 3200]",3,1.0,50.0,16.0,False,0.0,14,4.0,3.0,iqoo,1440,3200,517.5625297807978,0.08739352297985618,0.96551724137931,0.9900990099009899,0.15754001684919966,0.5,0.4117647058823529,0.2440944881889764,0.4666666666666667,0.24242424242424243,0.26298157453936344,0.0,0.7200126418196597,0.5842914341166286,666.37
785,Leitz Phone 2,124990,89.0,1,1,0,8.0,3.0,5000.0,True,0.0,12,256,6.6,240,"[1260, 2730]",2,1.0,47.2,12.6,True,1024.0,20,4.0,3.0,leitz,1260,2730,455.5670338315204,0.1879208230149683,1.0,0.8910891089108908,0.15754001684919966,0.0,0.6470588235294117,0.2440944881889764,1.0,0.2282828282828283,0.20603015075376882,0.5,0.5812282736843744,0.6143239058967105,663.76
119,Tesla Pi Phone,69999,83.0,1,1,0,8.0,2.3,5000.0,True,120.0,16,512,6.73,165,"[1080, 2448]",3,1.0,50.0,32.0,False,0.0,30,,3.0,tesla,1080,2448,397.5706094135118,0.10286140315328206,0.7931034482758621,0.5445544554455444,0.15754001684919966,0.5,0.8823529411764706,0.49606299212598426,0.5833333333333334,0.24242424242424243,0.5309882747068676,0.0,0.4513963077695511,0.5852764201781273,663.24
422,OnePlus 10 Pro 5G (12GB RAM + 512GB),74999,80.0,1,1,0,8.0,3.0,5000.0,True,80.0,12,512,6.7,120,"[1440, 3216]",3,1.0,50.0,32.0,False,0.0,4,4.0,3.0,oneplus,1440,3216,525.9210168998101,0.110595343239995,0.6896551724137931,0.8910891089108908,0.15754001684919966,0.3333333333333333,0.6470588235294117,0.49606299212598426,0.33333333333333337,0.24242424242424243,0.5309882747068676,0.0,0.7387241197361867,0.5806392359767883,657.83
745,Vivo X Note 5G (12GB RAM + 512GB),82990,80.0,1,1,1,8.0,3.0,5000.0,True,80.0,12,512,7.0,120,"[1440, 3080]",4,1.0,50.0,16.0,False,0.0,25,4.0,3.0,vivo,1440,3080,485.7142857142857,0.12295572628657961,0.6896551724137931,0.8910891089108908,0.15754001684919966,0.3333333333333333,0.6470588235294117,0.49606299212598426,0.33333333333333337,0.24242424242424243,0.26298157453936344,0.0,0.6487165200400138,0.5834587889903047,656.86
572,Motorola Edge 40 Pro 5G,59990,89.0,1,1,0,8.0,3.2,4800.0,True,125.0,8,128,6.7,165,"[1080, 2460]",3,1.0,50.0,60.0,False,0.0,33,4.0,3.0,motorola,1080,2460,400.9900867565035,0.08737960188770011,1.0,0.9900990099009899,0.1476287229297785,0.5208333333333334,0.4117647058823529,0.11811023622047244,0.5833333333333334,0.24242424242424243,0.9999999999999999,0.0,0.45905121874547583,0.5711112242995011,656.49
972,Oppo Find X6,69990,89.0,1,1,0,8.0,3.2,4700.0,True,120.0,8,256,6.73,120,"[1080, 2400]",3,1.0,50.0,32.0,False,0.0,1,4.0,3.0,oppo,1080,2400,391.0557895892061,0.10284748206112598,1.0,0.9900990099009899,0.1426730759700679,0.5,0.4117647058823529,0.2440944881889764,0.33333333333333337,0.24242424242424243,0.5309882747068676,0.0,0.43681210065922726,0.573185337180756,654.18
312,Samsung Galaxy S22 Ultra 5G (12GB RAM + 512GB),118999,80.0,1,1,0,8.0,3.0,5000.0,True,45.0,12,512,6.8,120,"[1440, 3080]",4,1.0,108.0,40.0,False,0.0,35,4.0,3.0,samsung,1440,3080,500.0,0.17865401600306885,0.6896551724137931,0.8910891089108908,0.15754001684919966,0.1875,0.6470588235294117,0.49606299212598426,0.33333333333333337,0.5353535353535355,0.6649916247906197,0.0,0.6806968082875051,0.5981372473395352,653.94
202,Motorola Edge 30 Ultra,54999,80.0,1,1,0,8.0,3.2,4610.0,True,125.0,8,128,6.67,144,"[1080, 2400]",3,1.0,200.0,60.0,False,0.0,33,4.0,3.0,motorola,1080,2400,394.57353282389164,0.07965958289314325,0.6896551724137931,0.9900990099009899,0.13821299370632836,0.5208333333333334,0.4117647058823529,0.11811023622047244,0.4666666666666667,1.0,0.9999999999999999,0.0,0.4446869916430407,0.563510183028656,652.72
802,Vivo X80 5G (12GB RAM + 256GB),59999,88.0,1,0,0,8.0,3.05,4500.0,True,80.0,12,256,6.78,120,"[1080, 2400]",3,1.0,50.0,32.0,False,0.0,25,9.0,3.0,vivo,1080,2400,388.1718973355984,0.08739352297985618,0.96551724137931,0.9158415841584155,0.1327617820506467,0.3333333333333333,0.6470588235294117,0.2440944881889764,0.33333333333333337,0.24242424242424243,0.5309882747068676,0.0,0.43035616127107157,0.5643285887593292,651.4
583,iQOO 9 Pro 5G,59990,88.0,1,1,0,8.0,3.0,4700.0,True,120.0,8,256,6.78,120,"[1440, 3200]",3,1.0,50.0,16.0,False,0.0,14,4.0,3.0,iqoo,1440,3200,517.5625297807978,0.08737960188770011,0.96551724137931,0.8910891089108908,0.1426730759700679,0.5,0.4117647058823529,0.2440944881889764,0.33333333333333337,0.24242424242424243,0.26298157453936344,0.0,0.7200126418196597,0.5629172603644499,650.34
271,Google Pixel 6 Pro,54300,89.0,1,1,0,8.0,2.8,5003.0,True,30.0,12,128,6.71,120,"[1440, 3120]",3,1.0,50.0,11.1,False,0.0,36,13.0,3.0,google,1440,3120,512.1128249159947,0.07857837806902078,1.0,0.7920792079207919,0.15768868625799098,0.125,0.6470588235294117,0.11811023622047244,0.33333333333333337,0.24242424242424243,0.1809045226130653,0.0,0.7078128225488485,0.5598792941320865,650.26
908,Motorola Moto Edge X30 Pro,59990,80.0,1,1,0,8.0,3.2,4450.0,True,125.0,8,128,6.67,144,"[1080, 2340]",3,1.0,200.0,60.0,False,0.0,33,4.0,3.0,motorola,1080,2340,386.38797472110105,0.08737960188770011,0.6896551724137931,0.9900990099009899,0.13028395857079142,0.5208333333333334,0.4117647058823529,0.11811023622047244,0.4666666666666667,1.0,0.9999999999999999,0.0,0.4263626361114725,0.5619596424412345,649.62
757,Apple iPhone 13 Pro Max (1TB),179900,86.0,1,1,0,6.0,3.22,4352.0,True,0.0,6,1024,6.7,120,"[1284, 2778]",3,1.0,12.0,12.0,False,0.0,46,1.0,1.0,apple,1284,2778,456.7734819486999,0.27285495304724977,0.896551724137931,0.9999999999999998,0.12542742455027503,0.0,0.2941176470588235,1.0,0.33333333333333337,0.050505050505050504,0.19597989949748743,0.0,0.5839290527823875,0.6219921748582634,648.28
534,Xiaomi 12 Pro 5G (12GB RAM + 256GB),51880,80.0,1,1,1,8.0,3.0,4600.0,True,120.0,12,256,6.73,120,"[1440, 3200]",3,1.0,50.0,32.0,False,0.0,32,4.0,3.0,xiaomi,1440,3200,521.4077194522747,0.07483515106705173,0.6896551724137931,0.8910891089108908,0.1377174290103573,0.5,0.6470588235294117,0.2440944881889764,0.33333333333333337,0.24242424242424243,0.5309882747068676,0.0,0.7286205610038674,0.5557529754225139,648.11
94,Vivo X90 Pro Plus 5G,73999,80.0,1,1,1,8.0,3.2,4700.0,True,80.0,12,256,6.78,120,"[1440, 3200]",4,1.0,50.3,32.0,False,0.0,25,4.0,3.0,vivo,1440,3200,517.5625297807978,0.10904855522265242,0.6896551724137931,0.9900990099009899,0.1426730759700679,0.3333333333333333,0.6470588235294117,0.2440944881889764,0.33333333333333337,0.24393939393939396,0.5309882747068676,0.0,0.7200126418196597,0.5656917284898073,647.01
924,Apple iPhone 13 Pro (1TB),147900,84.0,1,1,0,6.0,3.22,3095.0,True,0.0,6,1024,6.1,120,"[1170, 2532]",3,1.0,12.0,12.0,False,0.0,46,1.0,1.0,apple,1170,2532,457.2543463119592,0.22335773649228696,0.8275862068965516,0.9999999999999998,0.06313494226671293,0.0,0.2941176470588235,1.0,0.33333333333333337,0.050505050505050504,0.19597989949748743,0.0,0.585005525448536,0.6032694964606099,646.61
948,Xiaomi Mi 10 5G (8GB RAM + 256GB),54999,88.0,1,1,1,8.0,2.84,4780.0,True,30.0,8,256,6.67,90,"[1080, 2340]",4,1.0,108.0,20.0,False,0.0,32,4.0,3.0,xiaomi,1080,2340,386.38797472110105,0.07965958289314325,0.96551724137931,0.8118811881188117,0.14663759353783637,0.125,0.4117647058823529,0.2440944881889764,0.16666666666666663,0.5353535353535355,0.3299832495812395,0.0,0.4263626361114725,0.5528584268837456,644.73
650,Honor Magic 4 Pro Plus 5G,94990,80.0,1,1,0,8.0,3.0,4600.0,True,120.0,12,512,6.76,120,"[1344, 2772]",4,2.0,50.0,13.0,False,0.0,2,4.0,3.0,honor,1344,2772,455.7154286848961,0.14151718249469067,0.6896551724137931,0.8910891089108908,0.1377174290103573,0.5,0.6470588235294117,0.49606299212598426,0.33333333333333337,0.24242424242424243,0.21273031825795644,0.0,0.5815604733973523,0.5730126670682503,644.38
761,Xiaomi 12 Ultra 5G,75999,80.0,1,1,1,8.0,3.2,4800.0,True,67.0,12,256,6.73,120,"[1440, 3200]",3,1.0,50.0,20.0,False,0.0,32,4.0,3.0,xiaomi,1440,3200,521.4077194522747,0.11214213125733759,0.6896551724137931,0.9900990099009899,0.1476287229297785,0.2791666666666667,0.6470588235294117,0.2440944881889764,0.33333333333333337,0.24242424242424243,0.3299832495812395,0.0,0.7286205610038674,0.5627623138333262,644.04
735,Xiaomi Redmi K60 Gaming Edition,54990,86.0,1,1,1,8.0,3.2,5000.0,True,67.0,8,128,6.73,120,"[1440, 3200]",3,1.0,50.0,20.0,False,0.0,32,4.0,3.0,xiaomi,1440,3200,521.4077194522747,0.07964566180098717,0.896551724137931,0.9900990099009899,0.15754001684919966,0.2791666666666667,0.4117647058823529,0.11811023622047244,0.33333333333333337,0.24242424242424243,0.3299832495812395,0.0,0.7286205610038674,0.5507427722493731,643.15
484,Sony Xperia 1 IV (12GB RAM + 512GB),92980,80.0,1,1,0,8.0,3.0,5000.0,True,30.0,12,512,6.5,120,"[1644, 3840]",4,1.0,12.0,12.0,True,0.0,22,4.0,3.0,sony,1644,3840,642.6339291259881,0.13840813857983206,0.6896551724137931,0.8910891089108908,0.15754001684919966,0.125,0.6470588235294117,0.49606299212598426,0.33333333333333337,0.050505050505050504,0.19597989949748743,0.0,1.0,0.5687494108843499,641.96
390,OPPO Find N2 Flip,70990,88.0,1,1,0,8.0,3.2,4300.0,True,44.0,8,256,6.8,120,"[1080, 2520]",2,1.0,50.0,32.0,False,0.0,1,9.0,,oppo,1080,2520,403.187987957501,0.10439427007846856,0.96551724137931,0.9900990099009899,0.12285048813122554,0.18333333333333332,0.4117647058823529,0.2440944881889764,0.33333333333333337,0.24242424242424243,0.5309882747068676,0.0,0.4639714847217944,0.5565609476326391,641.32
67,OnePlus 10 Pro 5G,60999,89.0,1,1,0,8.0,3.0,5000.0,True,80.0,8,128,6.7,120,"[1440, 3216]",3,1.0,50.0,32.0,False,0.0,4,4.0,3.0,oneplus,1440,3216,525.9210168998101,0.08894031099719878,1.0,0.8910891089108908,0.15754001684919966,0.3333333333333333,0.4117647058823529,0.11811023622047244,0.33333333333333337,0.24242424242424243,0.5309882747068676,0.0,0.7387241197361867,0.5507211704611442,640.81
711,Vivo X80 Pro Plus 5G,82990,80.0,1,1,0,8.0,3.2,4500.0,True,120.0,12,256,6.78,120,"[1440, 3200]",4,1.0,50.0,32.0,False,0.0,25,4.0,3.0,vivo,1440,3200,517.5625297807978,0.12295572628657961,0.6896551724137931,0.9900990099009899,0.1327617820506467,0.5,0.6470588235294117,0.2440944881889764,0.33333333333333337,0.24242424242424243,0.5309882747068676,0.0,0.7200126418196597,0.5597776128550416,639.09
59,Samsung Galaxy S23 Plus,84990,89.0,1,1,0,8.0,3.2,4700.0,True,45.0,8,256,6.6,120,"[1080, 2340]",3,1.0,50.0,12.0,False,0.0,35,4.0,3.0,samsung,1080,2340,390.48602899844605,0.1260493023212648,1.0,0.9900990099009899,0.1426730759700679,0.1875,0.4117647058823529,0.2440944881889764,0.33333333333333337,0.24242424242424243,0.19597989949748743,0.0,0.4355366231045076,0.5603964795509262,638.79
15,Samsung Galaxy S23 Ultra 5G,114990,80.0,1,1,0,8.0,3.2,5000.0,True,45.0,8,256,6.8,120,"[1440, 3088]",4,1.0,200.0,12.0,False,0.0,35,4.0,3.0,samsung,1440,3088,501.0659916893998,0.17245294284154242,0.6896551724137931,0.9900990099009899,0.15754001684919966,0.1875,0.4117647058823529,0.2440944881889764,0.33333333333333337,1.0,0.19597989949748743,0.0,0.6830831587922557,0.5725002566944635,636.26
38,Samsung Galaxy S22 Ultra 5G,91999,80.0,1,1,0,8.0,3.0,5000.0,True,45.0,12,256,6.8,120,"[1440, 3080]",4,1.0,108.0,40.0,False,0.0,35,4.0,3.0,samsung,1440,3080,500.0,0.13689073953481898,0.6896551724137931,0.8910891089108908,0.15754001684919966,0.1875,0.6470588235294117,0.2440944881889764,0.33333333333333337,0.5353535353535355,0.6649916247906197,0.0,0.6806968082875051,0.5603419717489841,636.03
951,Sharp Aquos R5G,59990,88.0,0,1,0,8.0,2.84,3730.0,True,0.0,12,256,6.5,60,"[1440, 3168]",3,1.0,48.0,16.0,True,1024.0,28,4.0,3.0,sharp,1440,3168,535.3718831377287,0.08737960188770011,0.96551724137931,0.8118811881188117,0.09460330046087517,0.0,0.6470588235294117,0.2440944881889764,0.0,0.23232323232323232,0.26298157453936344,0.5,0.7598810195895851,0.5403366125990434,633.41
230,OnePlus 10 Pro 5G (12GB RAM + 256GB),65499,80.0,1,1,0,8.0,3.0,5000.0,True,80.0,12,256,6.7,120,"[1440, 3216]",3,1.0,50.0,32.0,False,0.0,4,4.0,3.0,oneplus,1440,3216,525.9210168998101,0.09590085707524042,0.6896551724137931,0.8910891089108908,0.15754001684919966,0.3333333333333333,0.6470588235294117,0.2440944881889764,0.33333333333333337,0.24242424242424243,0.5309882747068676,0.0,0.7387241197361867,0.5428439603862373,633.16
346,Oppo Find X6 Pro,77990,80.0,1,1,0,8.0,3.2,4700.0,True,120.0,12,256,6.78,120,"[1080, 2400]",3,1.0,50.0,32.0,False,0.0,1,4.0,3.0,oppo,1080,2400,388.1718973355984,0.11522178619986667,0.6896551724137931,0.9900990099009899,0.1426730759700679,0.5,0.6470588235294117,0.2440944881889764,0.33333333333333337,0.24242424242424243,0.5309882747068676,0.0,0.43035616127107157,0.5460876923411657,630.76
533,ZTE Axon 40 Ultra 5G,61990,89.0,1,1,0,8.0,3.0,5000.0,True,65.0,8,128,6.8,120,"[1116, 2480]",3,1.0,64.0,16.0,False,0.0,42,4.0,3.0,zte,1116,2480,399.931222460765,0.09047317792238528,1.0,0.8910891089108908,0.15754001684919966,0.2708333333333333,0.4117647058823529,0.11811023622047244,0.33333333333333337,0.31313131313131315,0.26298157453936344,0.0,0.45668082376798735,0.5377205043176249,630.67
363,Samsung Galaxy S24 Ultra,119990,85.0,1,0,0,8.0,2.3,5100.0,True,45.0,12,256,6.83,144,"[1200, 2860]",4,1.0,200.0,60.0,False,0.0,35,4.0,3.0,samsung,1200,2860,454.10658866703244,0.18018688292825535,0.8620689655172411,0.5445544554455444,0.16249566380891023,0.1875,0.6470588235294117,0.2440944881889764,0.4666666666666667,1.0,0.9999999999999999,0.0,0.5779588916712759,0.5639592225329814,627.92
721,Oppo Find X3 Pro,50990,80.0,1,1,0,8.0,2.84,4500.0,True,65.0,12,256,6.7,120,"[1440, 3216]",4,1.0,50.0,32.0,False,0.0,1,4.0,3.0,oppo,1440,3216,525.9210168998101,0.07345850973161681,0.6896551724137931,0.8118811881188117,0.1327617820506467,0.2708333333333333,0.6470588235294117,0.2440944881889764,0.33333333333333337,0.24242424242424243,0.5309882747068676,0.0,0.7387241197361867,0.5271055134835411,626.96
404,Vivo X80 Pro 5G,79999,80.0,1,1,0,8.0,3.0,4700.0,True,80.0,12,256,6.78,120,"[1440, 3200]",4,1.0,50.0,32.0,False,0.0,25,4.0,3.0,vivo,1440,3200,517.5625297807978,0.11832928332670793,0.6896551724137931,0.8910891089108908,0.1426730759700679,0.3333333333333333,0.6470588235294117,0.2440944881889764,0.33333333333333337,0.24242424242424243,0.5309882747068676,0.0,0.7200126418196597,0.5407190312200804,625.96
537,Samsung Galaxy S22 5G (8GB RAM + 256GB),57999,87.0,1,1,0,8.0,3.0,3700.0,True,25.0,8,256,6.1,120,"[1080, 2340]",3,1.0,50.0,10.0,False,0.0,35,4.0,3.0,samsung,1080,2340,422.4930805556957,0.08429994694517101,0.9310344827586206,0.8910891089108908,0.09311660637296199,0.10416666666666667,0.4117647058823529,0.2440944881889764,0.33333333333333337,0.24242424242424243,0.1624790619765494,0.0,0.5071882545372289,0.5285349465827939,625.33
665,Samsung Galaxy Note 10 Plus 5G,92999,89.0,1,1,1,8.0,2.7,4300.0,True,0.0,12,256,6.8,60,"[1440, 3040]",4,1.0,12.0,10.0,True,512.0,35,12.0,3.0,samsung,1440,3040,494.6775539206738,0.13843752755216157,1.0,0.7425742574257426,0.12285048813122554,0.0,0.6470588235294117,0.2440944881889764,0.0,0.050505050505050504,0.1624790619765494,0.25,0.6687818731016044,0.5464914627373674,625.26
703,Huawei Mate 50 Pro 5G,99990,85.0,1,1,0,8.0,3.13,4500.0,True,66.0,8,256,6.76,120,"[1440, 3200]",3,1.0,64.0,13.0,False,0.0,21,6.0,2.0,huawei,1440,3200,519.0937798689067,0.1492511225814036,0.8620689655172411,0.9554455445544552,0.1327617820506467,0.275,0.4117647058823529,0.2440944881889764,0.33333333333333337,0.31313131313131315,0.21273031825795644,0.0,0.72344052916343,0.5496636144859571,624.93
338,OnePlus 9 Pro,64800,89.0,1,1,0,8.0,2.84,4500.0,True,65.0,8,128,6.7,120,"[1440, 3216]",4,1.0,48.0,16.0,False,0.0,4,4.0,3.0,oneplus,1440,3216,525.9210168998101,0.09481965225111795,1.0,0.8118811881188117,0.1327617820506467,0.2708333333333333,0.4117647058823529,0.11811023622047244,0.33333333333333337,0.23232323232323232,0.26298157453936344,0.0,0.7387241197361867,0.5314945757486922,624.92
327,Samsung Galaxy S21 Ultra,105999,80.0,1,1,0,8.0,2.9,5000.0,True,25.0,12,256,6.8,120,"[1440, 3200]",4,1.0,108.0,40.0,False,0.0,35,12.0,3.0,samsung,1440,3200,516.0402870461485,0.1585457717776152,0.6896551724137931,0.8415841584158414,0.15754001684919966,0.10416666666666667,0.6470588235294117,0.2440944881889764,0.33333333333333337,0.5353535353535355,0.6649916247906197,0.0,0.7166049185190884,0.5522116346863059,624.52
695,Samsung Galaxy Note 10 Plus,58999,89.0,0,1,0,8.0,2.73,4300.0,True,45.0,12,256,6.8,60,"[1440, 3040]",4,1.0,12.0,10.0,True,1024.0,35,12.0,3.0,samsung,1440,3040,494.6775539206738,0.0858467349625136,1.0,0.7574257425742572,0.12285048813122554,0.1875,0.6470588235294117,0.2440944881889764,0.0,0.050505050505050504,0.1624790619765494,0.5,0.6687818731016044,0.5268441855096446,623.67
120,Samsung Galaxy S23,70990,88.0,1,1,0,8.0,3.2,3900.0,True,25.0,8,128,6.1,120,"[1080, 2340]",3,1.0,50.0,12.0,False,0.0,35,4.0,3.0,samsung,1080,2340,422.4930805556957,0.10439427007846856,0.96551724137931,0.9900990099009899,0.10302790029238318,0.10416666666666667,0.4117647058823529,0.11811023622047244,0.33333333333333337,0.24242424242424243,0.19597989949748743,0.0,0.5071882545372289,0.5325132575489341,623.29
917,Vivo X Fold 5G (12GB RAM + 512GB),118990,80.0,1,1,0,8.0,3.0,4600.0,True,66.0,12,512,8.03,120,"[1916, 2160]",4,1.0,50.0,16.0,False,0.0,25,4.0,3.0,vivo,1916,2160,359.56747090184024,0.17864009491091276,0.6896551724137931,0.8910891089108908,0.1377174290103573,0.275,0.6470588235294117,0.49606299212598426,0.33333333333333337,0.24242424242424243,0.26298157453936344,0.0,0.36632171509566924,0.5560032417159801,622.34
678,Sony Xperia 5 IV 5G,82199,89.0,1,1,0,8.0,3.0,5000.0,True,30.0,8,256,6.1,120,"[1080, 2520]",3,1.0,12.0,12.0,True,0.0,22,4.0,3.0,sony,1080,2520,449.455461985411,0.12173221696486164,1.0,0.8910891089108908,0.15754001684919966,0.125,0.4117647058823529,0.2440944881889764,0.33333333333333337,0.050505050505050504,0.19597989949748743,0.0,0.5675467856345062,0.5361063224457066,621.65
420,Xiaomi 12S Ultra,69990,80.0,1,1,1,8.0,3.2,4860.0,True,67.0,8,256,6.73,120,"[1440, 3200]",3,1.0,50.0,32.0,False,0.0,32,4.0,3.0,xiaomi,1440,3200,521.4077194522747,0.10284748206112598,0.6896551724137931,0.9900990099009899,0.15060211110560484,0.2791666666666667,0.4117647058823529,0.2440944881889764,0.33333333333333337,0.24242424242424243,0.5309882747068676,0.0,0.7286205610038674,0.5297161174915898,621.58
750,Samsung Galaxy S22 Plus 5G (8GB RAM + 256GB),88999,88.0,1,1,0,8.0,3.0,4500.0,True,45.0,8,256,6.6,120,"[1080, 2340]",3,1.0,50.0,10.0,False,0.0,35,4.0,3.0,samsung,1080,2340,390.48602899844605,0.13225037548279123,0.96551724137931,0.8910891089108908,0.1327617820506467,0.1875,0.4117647058823529,0.2440944881889764,0.33333333333333337,0.24242424242424243,0.1624790619765494,0.0,0.4355366231045076,0.5375205307895103,620.08
615,Sony Xperia 1 II,69999,89.0,1,1,0,8.0,2.84,4000.0,True,21.0,8,256,6.5,60,"[1644, 3840]",4,1.0,12.0,8.0,True,0.0,22,4.0,3.0,sony,1644,3840,642.6339291259881,0.10286140315328206,1.0,0.8118811881188117,0.10798354725209378,0.0875,0.4117647058823529,0.2440944881889764,0.0,0.050505050505050504,0.12897822445561138,0.0,1.0,0.5267549273936489,619.35
453,Asus ZenFone 9,63990,86.0,1,1,0,8.0,3.2,4300.0,True,30.0,8,128,5.9,120,"[1080, 2400]",2,1.0,50.0,12.0,False,0.0,45,4.0,3.0,asus,1080,2400,446.068722700908,0.09356675395707045,0.896551724137931,0.9900990099009899,0.12285048813122554,0.125,0.4117647058823529,0.11811023622047244,0.33333333333333337,0.24242424242424243,0.19597989949748743,0.0,0.5599651627368806,0.5235698065377482,619.29
561,Samsung Galaxy Z Fold 3,110999,89.0,1,1,0,8.0,2.84,4400.0,True,25.0,12,256,7.6,120,"[1768, 2208]",3,2.0,12.0,10.0,False,0.0,35,4.0,3.0,samsung,1768,2208,372.1867699015519,0.16627971186432813,1.0,0.8118811881188117,0.12780613509093613,0.10416666666666667,0.6470588235294117,0.2440944881889764,0.33333333333333337,0.050505050505050504,0.1624790619765494,0.0,0.39457153246011323,0.5475317703993634,619.08
369,Sony Xperia Pro-I,134999,80.0,1,1,0,8.0,2.84,4500.0,True,30.0,12,512,6.5,120,"[1644, 3840]",3,1.0,12.0,8.0,True,1024.0,22,4.0,3.0,sony,1644,3840,642.6339291259881,0.20340262428055023,0.6896551724137931,0.8118811881188117,0.1327617820506467,0.125,0.6470588235294117,0.49606299212598426,0.33333333333333337,0.050505050505050504,0.12897822445561138,0.5,1.0,0.559215947231235,618.56
236,Xiaomi Mix Fold 2 5G,106990,80.0,1,1,1,8.0,3.2,4500.0,True,67.0,12,256,8.02,120,"[1914, 2160]",3,1.0,50.0,20.0,False,0.0,32,4.0,3.0,xiaomi,1914,2160,359.8503740648379,0.1600786387028017,0.6896551724137931,0.9900990099009899,0.1327617820506467,0.2791666666666667,0.6470588235294117,0.2440944881889764,0.33333333333333337,0.24242424242424243,0.3299832495812395,0.0,0.36695502782458467,0.5434896819040316,617.6
347,Vivo X90 Pro 5G,56999,80.0,1,1,1,8.0,3.05,4870.0,True,120.0,8,256,6.78,120,"[1260, 2800]",3,1.0,50.3,32.0,False,0.0,25,9.0,3.0,vivo,1260,2800,452.8672135581981,0.08275315892782843,0.6896551724137931,0.9158415841584155,0.1510976758015759,0.5,0.4117647058823529,0.2440944881889764,0.33333333333333337,0.24393939393939396,0.5309882747068676,0.0,0.5751844015453658,0.5176915529541684,617.58
159,Oppo Find N2 5G,94990,80.0,1,1,0,8.0,3.2,4520.0,True,67.0,12,256,7.1,120,"[1792, 1920]",3,2.0,50.0,32.0,False,0.0,1,4.0,,oppo,1792,1920,369.90710136217587,0.14151718249469067,0.6896551724137931,0.9900990099009899,0.13375291144258883,0.2791666666666667,0.6470588235294117,0.2440944881889764,0.33333333333333337,0.24242424242424243,0.5309882747068676,0.0,0.38946822047025453,0.5367046821389266,617.15
106,Xiaomi 13 Pro 5G,58990,80.0,1,1,1,8.0,3.2,4820.0,True,120.0,8,128,6.73,120,"[1440, 3200]",3,1.0,50.3,32.0,False,0.0,32,4.0,3.0,xiaomi,1440,3200,521.4077194522747,0.08583281387035752,0.6896551724137931,0.9900990099009899,0.1486198523217206,0.5,0.4117647058823529,0.11811023622047244,0.33333333333333337,0.24393939393939396,0.5309882747068676,0.0,0.7286205610038674,0.5174061111148155,616.6
772,Samsung Galaxy S21 Plus,59450,88.0,1,1,0,8.0,2.9,4800.0,True,25.0,8,128,6.7,120,"[1080, 2400]",3,1.0,64.0,10.0,False,0.0,35,12.0,3.0,samsung,1080,2400,392.8067856619936,0.08654433635833511,0.96551724137931,0.8415841584158414,0.1476287229297785,0.10416666666666667,0.4117647058823529,0.11811023622047244,0.33333333333333337,0.31313131313131315,0.1624790619765494,0.0,0.44073191579818527,0.5158028359815574,615.22
705,Huawei Mate Xs 2,162990,89.0,0,1,1,8.0,2.84,4600.0,True,66.0,8,512,7.8,120,"[2200, 2480]",3,1.0,50.0,10.7,False,0.0,21,4.0,,huawei,2200,2480,425.02272051268653,0.24669876767398657,1.0,0.8118811881188117,0.1377174290103573,0.275,0.4117647058823529,0.49606299212598426,0.33333333333333337,0.24242424242424243,0.1742043551088777,0.0,0.5128511575863146,0.5673356013975781,613.83
766,Xiaomi Mi Mix Fold,109990,80.0,1,1,1,8.0,2.84,5020.0,True,67.0,12,256,8.01,90,"[1860, 2480]",3,1.0,108.0,20.0,False,0.0,32,4.0,3.0,xiaomi,1860,2480,387.01622971285894,0.16471900275482948,0.6896551724137931,0.8118811881188117,0.15853114624114178,0.2791666666666667,0.6470588235294117,0.2440944881889764,0.16666666666666663,0.5353535353535355,0.3299832495812395,0.0,0.4277690604125265,0.5386269361690182,612.79
876,Samsung Galaxy S21 Ultra 5G (12GB RAM + 128GB),101999,80.0,1,1,0,8.0,2.9,5000.0,True,25.0,12,128,6.8,120,"[1440, 3200]",4,1.0,108.0,40.0,False,0.0,35,12.0,3.0,samsung,1440,3200,516.0402870461485,0.15235861970824485,0.6896551724137931,0.8415841584158414,0.15754001684919966,0.10416666666666667,0.6470588235294117,0.11811023622047244,0.33333333333333337,0.5353535353535355,0.6649916247906197,0.0,0.7166049185190884,0.5333139968910302,611.9
727,Samsung Galaxy S20 5G,74999,89.0,1,1,0,8.0,2.73,4000.0,True,25.0,8,128,6.2,60,"[1440, 3200]",3,1.0,64.0,10.0,True,1024.0,35,12.0,3.0,samsung,1440,3200,565.9796696635176,0.110595343239995,1.0,0.7574257425742572,0.10798354725209378,0.10416666666666667,0.4117647058823529,0.11811023622047244,0.0,0.31313131313131315,0.1624790619765494,0.5,0.828400228089454,0.5179540935564731,610.82
364,OPPO Find N Flip,89990,88.0,1,1,0,8.0,3.05,4300.0,True,44.0,8,128,6.8,120,"[1200, 2400]",2,1.0,50.0,32.0,False,0.0,1,9.0,,oppo,1200,2400,394.6002313234923,0.13378324240797773,0.96551724137931,0.9158415841584155,0.12285048813122554,0.18333333333333332,0.4117647058823529,0.11811023622047244,0.33333333333333337,0.24242424242424243,0.5309882747068676,0.0,0.44474675944295117,0.5255634597120352,610.73
257,Samsung Galaxy S22 Plus 5G,64449,87.0,1,1,0,8.0,3.0,4500.0,True,45.0,8,128,6.6,120,"[1080, 2340]",3,1.0,50.0,10.0,False,0.0,35,4.0,3.0,samsung,1080,2340,390.48602899844605,0.0942767296570307,0.9310344827586206,0.8910891089108908,0.1327617820506467,0.1875,0.4117647058823529,0.11811023622047244,0.33333333333333337,0.24242424242424243,0.1624790619765494,0.0,0.4355366231045076,0.5117263412700969,610.23
478,Vivo X Fold Plus,113990,80.0,1,1,0,8.0,3.2,4730.0,True,80.0,12,256,8.03,120,"[1916, 2160]",4,2.0,50.0,16.0,False,0.0,25,4.0,3.0,vivo,1916,2160,359.56747090184024,0.17090615482419982,0.6896551724137931,0.9900990099009899,0.14415977005798108,0.3333333333333333,0.6470588235294117,0.2440944881889764,0.33333333333333337,0.24242424242424243,0.26298157453936344,0.0,0.36632171509566924,0.5353248385577538,608.77
528,Google Pixel 6 Pro (12GB RAM + 256GB),79700,80.0,1,1,0,8.0,2.8,5003.0,True,30.0,12,256,6.71,120,"[1440, 3120]",3,1.0,50.0,11.1,False,0.0,36,13.0,3.0,google,1440,3120,512.1128249159947,0.11786679370952251,0.6896551724137931,0.7920792079207919,0.15768868625799098,0.125,0.6470588235294117,0.2440944881889764,0.33333333333333337,0.24242424242424243,0.1809045226130653,0.0,0.7078128225488485,0.5167079664101207,608.06
975,Vivo X Fold 2,119990,80.0,1,1,0,8.0,3.2,4800.0,True,66.0,12,256,8.03,120,"[1916, 2160]",3,1.0,50.0,32.0,False,0.0,25,4.0,3.0,vivo,1916,2160,359.56747090184024,0.18018688292825535,0.6896551724137931,0.9900990099009899,0.1476287229297785,0.275,0.6470588235294117,0.2440944881889764,0.33333333333333337,0.24242424242424243,0.5309882747068676,0.0,0.36632171509566924,0.5365324217891725,607.35
499,Samsung Galaxy Z Flip 4 5G,89999,88.0,1,1,0,8.0,3.2,3700.0,True,25.0,8,128,6.7,120,"[1080, 2640]",2,1.0,12.0,10.0,False,0.0,35,4.0,,samsung,1080,2640,425.72648324793,0.13379716350013382,0.96551724137931,0.9900990099009899,0.09311660637296199,0.10416666666666667,0.4117647058823529,0.11811023622047244,0.33333333333333337,0.050505050505050504,0.1624790619765494,0.0,0.5144266150454796,0.5163937283320482,603.85
448,Vivo X80 5G,54999,86.0,1,0,0,8.0,3.05,4500.0,True,80.0,8,128,6.78,120,"[1080, 2400]",3,1.0,50.0,32.0,False,0.0,25,9.0,3.0,vivo,1080,2400,388.1718973355984,0.07965958289314325,0.896551724137931,0.9158415841584155,0.1327617820506467,0.3333333333333333,0.4117647058823529,0.11811023622047244,0.33333333333333337,0.24242424242424243,0.5309882747068676,0.0,0.43035616127107157,0.49634372986871905,602.34
753,Oppo Find X5 Pro 5G,79990,80.0,1,1,0,8.0,3.0,5000.0,True,80.0,8,256,6.7,120,"[1440, 3216]",3,1.0,50.0,32.0,False,0.0,1,4.0,3.0,oppo,1440,3216,525.9210168998101,0.11831536223455186,0.6896551724137931,0.8910891089108908,0.15754001684919966,0.3333333333333333,0.4117647058823529,0.2440944881889764,0.33333333333333337,0.24242424242424243,0.5309882747068676,0.0,0.7387241197361867,0.5075498427391785,601.08
30,OnePlus 11 Pro,69999,80.0,1,1,0,8.0,3.2,4500.0,True,100.0,8,128,6.7,120,"[1440, 3216]",3,1.0,50.0,16.0,False,0.0,4,4.0,3.0,oneplus,1440,3216,525.9210168998101,0.10286140315328206,0.6896551724137931,0.9900990099009899,0.1327617820506467,0.4166666666666667,0.4117647058823529,0.11811023622047244,0.33333333333333337,0.24242424242424243,0.26298157453936344,0.0,0.7387241197361867,0.5013413643068584,600.29
99,Vivo X Fold 5G,106990,80.0,1,1,0,8.0,3.0,4600.0,True,66.0,12,256,8.03,120,"[1916, 2160]",4,1.0,50.0,16.0,False,0.0,25,4.0,3.0,vivo,1916,2160,359.56747090184024,0.1600786387028017,0.6896551724137931,0.8910891089108908,0.1377174290103573,0.275,0.6470588235294117,0.2440944881889764,0.33333333333333337,0.24242424242424243,0.26298157453936344,0.0,0.36632171509566924,0.5182079661254289,598.64
594,Samsung Galaxy S20 Ultra 5G,99999,80.0,1,1,0,8.0,2.73,5000.0,True,45.0,12,128,6.9,60,"[1440, 3200]",4,1.0,108.0,40.0,True,1024.0,35,12.0,3.0,samsung,1440,3200,508.56144230634914,0.1492650436735597,0.6896551724137931,0.7574257425742572,0.15754001684919966,0.1875,0.6470588235294117,0.11811023622047244,0.0,0.5353535353535355,0.6649916247906197,0.5,0.699862625781497,0.5140197865445797,598.2
244,Google Pixel 7 5G,53100,86.0,1,1,0,8.0,2.85,4355.0,True,30.0,8,128,6.3,90,"[1080, 2400]",2,1.0,50.0,10.8,False,0.0,36,13.0,3.0,google,1080,2400,417.7468990373583,0.07672223244820968,0.896551724137931,0.8168316831683167,0.12557609395906635,0.125,0.4117647058823529,0.11811023622047244,0.16666666666666663,0.24242424242424243,0.17587939698492464,0.0,0.4965633568250346,0.48775999400668985,596.64
216,Google Pixel 7 Pro 5G,81999,80.0,1,1,0,8.0,2.85,5000.0,True,30.0,12,128,6.7,120,"[1440, 3120]",3,1.0,50.0,10.8,False,0.0,36,13.0,3.0,google,1440,3120,512.8771724158693,0.1214228593613931,0.6896551724137931,0.8168316831683167,0.15754001684919966,0.125,0.6470588235294117,0.11811023622047244,0.33333333333333337,0.24242424242424243,0.17587939698492464,0.0,0.7095239062845553,0.5015466092797745,595.8
774,Samsung Galaxy S20 Plus,83000,88.0,0,1,0,8.0,2.73,4500.0,True,25.0,8,128,6.7,120,"[1440, 3200]",4,1.0,64.0,10.0,True,1024.0,35,12.0,3.0,samsung,1440,3200,523.742380882658,0.12297119416675303,0.96551724137931,0.7574257425742572,0.1327617820506467,0.10416666666666667,0.4117647058823529,0.11811023622047244,0.33333333333333337,0.31313131313131315,0.1624790619765494,0.5,0.7338469811891446,0.5016454716045372,595.49
789,Apple iPhone 14 Plus (512GB),104999,83.0,1,1,0,6.0,3.22,4325.0,True,0.0,6,512,6.7,60,"[1284, 2778]",2,1.0,12.0,12.0,False,0.0,46,1.0,1.0,apple,1284,2778,456.7734819486999,0.15699898376027263,0.7931034482758621,0.9999999999999998,0.1240893998711532,0.0,0.2941176470588235,0.49606299212598426,0.0,0.050505050505050504,0.19597989949748743,0.0,0.5839290527823875,0.5122715931970842,594.95
626,Samsung Galaxy S22 Ultra 5G (8GB RAM + 128GB),99990,80.0,1,1,0,8.0,3.0,5000.0,True,45.0,8,128,6.8,120,"[1440, 3080]",4,1.0,108.0,40.0,False,0.0,35,4.0,3.0,samsung,1440,3080,500.0,0.1492511225814036,0.6896551724137931,0.8910891089108908,0.15754001684919966,0.1875,0.4117647058823529,0.11811023622047244,0.33333333333333337,0.5353535353535355,0.6649916247906197,0.0,0.6806968082875051,0.5061502163066496,592.3
479,Huawei Mate 50 RS Porsche Design,239999,81.0,0,1,1,8.0,3.2,4700.0,True,66.0,12,512,6.74,120,"[1212, 2616]",3,1.0,50.0,13.0,True,256.0,21,4.0,2.0,huawei,1212,2616,427.7631018421589,0.36581536610152193,0.7241379310344827,0.9900990099009899,0.1426730759700679,0.275,0.6470588235294117,0.49606299212598426,0.33333333333333337,0.24242424242424243,0.21273031825795644,0.125,0.5189858305240346,0.5765284235540138,590.94
622,Apple iPhone 14 (512GB),95999,82.0,1,1,0,6.0,3.22,3279.0,True,0.0,6,512,6.1,60,"[1170, 2532]",2,1.0,12.0,12.0,False,0.0,46,1.0,1.0,apple,1170,2532,457.2543463119592,0.14307789160418932,0.7586206896551722,0.9999999999999998,0.07225333267258041,0.0,0.2941176470588235,0.49606299212598426,0.0,0.050505050505050504,0.19597989949748743,0.0,0.585005525448536,0.5012819797303678,590.19
70,Oppo Find N Fold,99990,80.0,1,1,0,8.0,3.2,5000.0,True,67.0,8,256,7.1,120,"[1792, 1920]",2,,50.0,16.0,False,0.0,1,4.0,2.0,oppo,1792,1920,369.90710136217587,0.1492511225814036,0.6896551724137931,0.9900990099009899,0.15754001684919966,0.2791666666666667,0.4117647058823529,0.2440944881889764,0.33333333333333337,0.24242424242424243,0.26298157453936344,0.0,0.38946822047025453,0.5006334659227216,588.16
320,Samsung Galaxy Z Fold 4,154998,80.0,1,1,0,8.0,3.2,4400.0,True,25.0,12,256,7.6,120,"[1812, 2176]",3,2.0,50.0,10.0,False,0.0,35,4.0,3.0,samsung,1812,2176,372.58734498086375,0.23433683783938464,0.6896551724137931,0.9900990099009899,0.12780613509093613,0.10416666666666667,0.6470588235294117,0.2440944881889764,0.33333333333333337,0.24242424242424243,0.1624790619765494,0.0,0.3954682679151942,0.5275938502757381,587.11
974,Google Pixel 8 Pro,70990,80.0,1,1,0,8.0,2.3,5000.0,True,67.0,12,256,6.73,120,"[1440, 3120]",3,1.0,50.0,12.0,False,0.0,36,13.0,3.0,google,1440,3120,510.59094430703186,0.10439427007846856,0.6896551724137931,0.5445544554455444,0.15754001684919966,0.2791666666666667,0.6470588235294117,0.2440944881889764,0.33333333333333337,0.24242424242424243,0.19597989949748743,0.0,0.7044059099101456,0.4841727681230394,587.03
841,Samsung Galaxy S10 5G,78990,86.0,1,1,0,8.0,2.7,4500.0,True,25.0,8,256,6.7,60,"[1440, 3040]",3,1.0,16.0,10.0,True,512.0,35,12.0,3.0,samsung,1440,3040,502.0608009941167,0.11676857421720926,0.896551724137931,0.7425742574257426,0.1327617820506467,0.10416666666666667,0.4117647058823529,0.2440944881889764,0.0,0.07070707070707072,0.1624790619765494,0.25,0.6853101589743849,0.4868681693412491,585.96
482,Sony Xperia 5 II,69990,86.0,1,1,0,8.0,2.84,4000.0,True,21.0,8,128,6.1,120,"[1080, 2520]",3,1.0,12.0,8.0,True,0.0,22,4.0,3.0,sony,1080,2520,449.455461985411,0.10284748206112598,0.896551724137931,0.8118811881188117,0.10798354725209378,0.0875,0.4117647058823529,0.11811023622047244,0.33333333333333337,0.050505050505050504,0.12897822445561138,0.0,0.5675467856345062,0.47887830704101814,583.45
562,LG Wing 5G,54999,89.0,1,1,0,8.0,2.4,4000.0,True,0.0,8,128,6.8,60,"[1080, 2460]",3,1.0,64.0,32.0,False,0.0,38,4.0,,lg,1080,2460,395.09317371596666,0.07965958289314325,1.0,0.5940594059405939,0.10798354725209378,0.0,0.4117647058823529,0.11811023622047244,0.0,0.31313131313131315,0.5309882747068676,0.0,0.4458502702290027,0.46988173729570426,582.5
715,Huawei P50 Pro 4G,60999,80.0,0,1,1,8.0,2.84,4360.0,True,66.0,8,256,6.6,120,"[1288, 2700]",4,1.0,50.0,13.0,True,256.0,21,4.0,2.0,huawei,1288,2700,453.2543279073665,0.08894031099719878,0.6896551724137931,0.8118811881188117,0.12582387630705189,0.275,0.4117647058823529,0.2440944881889764,0.33333333333333337,0.24242424242424243,0.21273031825795644,0.125,0.5760510035383457,0.4713151280026135,581.25
459,Xiaomi Mi Mix Alpha,199990,80.0,1,0,0,8.0,2.96,4050.0,True,40.0,12,512,7.92,60,"[2088, 2250]",3,,108.0,16.0,False,0.0,32,4.0,3.0,xiaomi,2088,2250,387.5716409381679,0.30392992431566235,0.6896551724137931,0.8712871287128712,0.11046137073194906,0.16666666666666666,0.6470588235294117,0.49606299212598426,0.0,0.5353535353535355,0.26298157453936344,0.0,0.42901241518821553,0.5408380051296419,579.65
617,Samsung Galaxy Note 20,86000,87.0,0,1,0,8.0,2.73,4300.0,True,25.0,8,256,6.7,60,"[1080, 2400]",3,1.0,64.0,10.0,False,0.0,35,12.0,3.0,samsung,1080,2400,392.8067856619936,0.1276115582187808,0.9310344827586206,0.7574257425742572,0.12285048813122554,0.10416666666666667,0.4117647058823529,0.2440944881889764,0.0,0.31313131313131315,0.1624790619765494,0.0,0.44073191579818527,0.47986456755923995,578.0
632,Huawei Mate 40 Pro 4G,69990,80.0,0,1,1,8.0,3.13,4400.0,True,66.0,8,128,6.76,90,"[1344, 2772]",3,2.0,50.0,13.0,True,256.0,21,6.0,2.0,huawei,1344,2772,455.7154286848961,0.10284748206112598,0.6896551724137931,0.9554455445544552,0.12780613509093613,0.275,0.4117647058823529,0.11811023622047244,0.16666666666666663,0.24242424242424243,0.21273031825795644,0.125,0.5815604733973523,0.46771953120167886,575.08
776,Huawei P40 Pro,82990,80.0,1,1,0,8.0,2.86,4200.0,True,40.0,8,256,6.58,90,"[1200, 2640]",4,2.0,50.0,32.0,True,256.0,21,6.0,3.0,huawei,1200,2640,440.71900207639777,0.12295572628657961,0.6896551724137931,0.8217821782178216,0.11789484117151494,0.16666666666666666,0.4117647058823529,0.2440944881889764,0.16666666666666663,0.24242424242424243,0.5309882747068676,0.125,0.5479891702038036,0.47402877493771733,574.78
322,Apple iPhone 14 Plus (256GB),84999,83.0,1,1,0,6.0,3.22,4325.0,True,0.0,6,256,6.7,60,"[1284, 2778]",2,1.0,12.0,12.0,False,0.0,46,1.0,1.0,apple,1284,2778,456.7734819486999,0.12606322341342088,0.7931034482758621,0.9999999999999998,0.1240893998711532,0.0,0.2941176470588235,0.2440944881889764,0.0,0.050505050505050504,0.19597989949748743,0.0,0.5839290527823875,0.4744763176065329,574.34
952,Huawei Mate 30 RS Porsche Design,214990,80.0,1,1,1,8.0,2.86,4500.0,True,0.0,12,512,6.53,60,"[1176, 2400]",4,2.0,40.0,32.0,True,256.0,21,6.0,3.0,huawei,1176,2400,409.2855520929662,0.32713174457580113,0.6896551724137931,0.8217821782178216,0.1327617820506467,0.0,0.6470588235294117,0.49606299212598426,0.0,0.19191919191919193,0.5309882747068676,0.125,0.4776216148279764,0.5390820749697958,572.53
247,Apple iPhone 14 (256GB),75999,82.0,1,1,0,6.0,3.22,3279.0,True,0.0,6,256,6.1,60,"[1170, 2532]",2,1.0,12.0,12.0,False,0.0,46,1.0,1.0,apple,1170,2532,457.2543463119592,0.11214213125733759,0.7586206896551722,0.9999999999999998,0.07225333267258041,0.0,0.2941176470588235,0.2440944881889764,0.0,0.050505050505050504,0.19597989949748743,0.0,0.585005525448536,0.46348670413981663,569.58
955,Huawei Mate X,169000,80.0,1,1,1,8.0,2.86,4500.0,True,55.0,8,512,8.0,60,"[2200, 2480]",4,,48.0,16.0,False,0.0,21,6.0,,huawei,2200,2480,414.3971524998694,0.25599496365821556,0.6896551724137931,0.8217821782178216,0.1327617820506467,0.22916666666666666,0.4117647058823529,0.49606299212598426,0.0,0.23232323232323232,0.26298157453936344,0.0,0.4890645466372895,0.5105373601438509,568.9
305,Samsung Galaxy Z Flip 3,69999,84.0,1,1,0,8.0,2.84,3300.0,True,15.0,8,128,6.7,120,"[1080, 2640]",2,1.0,12.0,10.0,False,0.0,35,4.0,,samsung,1080,2640,425.72648324793,0.10286140315328206,0.8275862068965516,0.8118811881188117,0.07329401853411963,0.0625,0.4117647058823529,0.11811023622047244,0.33333333333333337,0.050505050505050504,0.1624790619765494,0.0,0.5144266150454796,0.4592390411410624,568.71
682,Oppo Find N 5G,92249,80.0,1,1,0,8.0,2.84,4500.0,True,33.0,8,256,7.1,120,"[1792, 1920]",3,1.0,50.0,32.0,False,0.0,1,4.0,3.0,oppo,1792,1920,369.90710136217587,0.13727743653915464,0.6896551724137931,0.8118811881188117,0.1327617820506467,0.1375,0.4117647058823529,0.2440944881889764,0.33333333333333337,0.24242424242424243,0.5309882747068676,0.0,0.38946822047025453,0.47034860087318564,568.44
683,Apple iPhone 13 Pro Max (256GB),139900,84.0,1,1,0,6.0,3.22,4352.0,True,0.0,6,256,6.7,120,"[1284, 2778]",3,1.0,12.0,12.0,False,0.0,46,1.0,1.0,apple,1284,2778,456.7734819486999,0.21098343235354625,0.8275862068965516,0.9999999999999998,0.12542742455027503,0.0,0.2941176470588235,0.2440944881889764,0.33333333333333337,0.050505050505050504,0.19597989949748743,0.0,0.5839290527823875,0.4948132446383339,568.36
814,Apple iPhone 13 (512GB),91999,80.0,1,1,0,6.0,3.22,3240.0,True,0.0,4,512,6.1,60,"[1170, 2532]",2,1.0,12.0,12.0,False,0.0,46,1.0,1.0,apple,1170,2532,457.2543463119592,0.13689073953481898,0.6896551724137931,0.9999999999999998,0.07032063035829328,0.0,0.1764705882352941,0.49606299212598426,0.0,0.050505050505050504,0.19597989949748743,0.0,0.585005525448536,0.4696872012734197,568.04
289,Apple iPhone 14 Pro Max (1TB),182999,78.0,1,1,0,6.0,2.3,4323.0,True,0.0,6,1024,6.7,120,"[1290, 2796]",3,1.0,48.0,12.0,False,0.0,46,1.0,1.0,apple,1290,2796,459.5879875379156,0.2776484491129944,0.6206896551724137,0.5445544554455444,0.12399028693195896,0.0,0.2941176470588235,1.0,0.33333333333333337,0.23232323232323232,0.19597989949748743,0.0,0.590229661783598,0.5132484433680414,565.52
522,Apple iPhone 13 Pro (256GB),129900,83.0,1,1,0,6.0,3.22,3095.0,True,0.0,6,256,6.1,120,"[1170, 2532]",3,1.0,12.0,12.0,False,0.0,46,1.0,1.0,apple,1170,2532,457.2543463119592,0.19551555218012037,0.7931034482758621,0.9999999999999998,0.06313494226671293,0.0,0.2941176470588235,0.2440944881889764,0.33333333333333337,0.050505050505050504,0.19597989949748743,0.0,0.585005525448536,0.4829871179648185,563.36
614,Apple iPhone 12 Pro (512GB),139900,80.0,1,1,0,6.0,3.1,5000.0,False,0.0,6,512,6.1,60,"[1170, 2532]",3,1.0,12.0,12.0,False,0.0,46,1.0,1.0,apple,1170,2532,457.2543463119592,0.21098343235354625,0.6896551724137931,0.9405940594059403,0.15754001684919966,0.0,0.2941176470588235,0.49606299212598426,0.0,0.050505050505050504,0.19597989949748743,0.0,0.585005525448536,0.48540091992711265,561.3
790,Apple iPhone 14 Pro (1TB),172999,77.0,1,1,0,6.0,2.3,3200.0,True,0.0,6,1024,6.1,120,"[1179, 2556]",3,1.0,48.0,12.0,False,0.0,46,1.0,1.0,apple,1179,2556,461.4448931470025,0.26218056893956854,0.5862068965517238,0.5445544554455444,0.06833837157440903,0.0,0.2941176470588235,1.0,0.33333333333333337,0.23232323232323232,0.19597989949748743,0.0,0.5943865681474869,0.5021075837334938,561.04
57,Apple iPhone 14 Plus,74999,82.0,1,1,0,6.0,3.22,4325.0,True,0.0,6,128,6.7,60,"[1284, 2778]",2,1.0,12.0,12.0,False,0.0,46,1.0,1.0,apple,1284,2778,456.7734819486999,0.110595343239995,0.7586206896551722,0.9999999999999998,0.1240893998711532,0.0,0.2941176470588235,0.11811023622047244,0.0,0.050505050505050504,0.19597989949748743,0.0,0.5839290527823875,0.4486821280871194,558.86
162,Apple iPhone 13 Pro Max,129900,84.0,1,1,0,6.0,3.22,4352.0,True,0.0,6,128,6.7,120,"[1284, 2778]",3,1.0,12.0,12.0,False,0.0,46,1.0,1.0,apple,1284,2778,456.7734819486999,0.19551555218012037,0.8275862068965516,0.9999999999999998,0.12542742455027503,0.0,0.2941176470588235,0.11811023622047244,0.33333333333333337,0.050505050505050504,0.19597989949748743,0.0,0.5839290527823875,0.4759156068430584,558.06
887,Samsung Galaxy S20 Plus 5G,85990,80.0,1,1,0,8.0,2.73,4500.0,True,25.0,8,128,6.7,60,"[1440, 3200]",4,1.0,64.0,10.0,True,1024.0,35,12.0,3.0,samsung,1440,3200,523.742380882658,0.1275960903386074,0.6896551724137931,0.7574257425742572,0.1327617820506467,0.10416666666666667,0.4117647058823529,0.11811023622047244,0.0,0.31313131313131315,0.1624790619765494,0.5,0.7338469811891446,0.4531397244781005,557.96
321,Royole FlexPai 2,109999,87.0,1,0,0,8.0,2.84,4450.0,False,0.0,8,128,7.8,60,"[1440, 1920]",3,1.0,64.0,32.0,False,0.0,18,4.0,,royole,1440,1920,307.6923076923077,0.16473292384698557,0.9310344827586206,0.8118811881188117,0.13028395857079142,0.0,0.4117647058823529,0.11811023622047244,0.0,0.31313131313131315,0.5309882747068676,0.0,0.25019292803281334,0.46076306696984737,554.39
7,Apple iPhone 14,65999,81.0,1,1,0,6.0,3.22,3279.0,True,0.0,6,128,6.1,60,"[1170, 2532]",2,1.0,12.0,12.0,False,0.0,46,1.0,1.0,apple,1170,2532,457.2543463119592,0.09667425108391171,0.7241379310344827,0.9999999999999998,0.07225333267258041,0.0,0.2941176470588235,0.11811023622047244,0.0,0.050505050505050504,0.19597989949748743,0.0,0.585005525448536,0.4376925146204031,554.1
688,OPPO X 2021,134999,86.0,0,0,0,8.0,2.84,4000.0,True,45.0,8,256,7.4,60,"[1440, 3200]",3,1.0,64.0,16.0,False,0.0,1,4.0,3.0,oppo,1440,3200,474.1991826910553,0.20340262428055023,0.896551724137931,0.8118811881188117,0.10798354725209378,0.1875,0.4117647058823529,0.2440944881889764,0.0,0.31313131313131315,0.26298157453936344,0.0,0.622938578068241,0.47256233563558564,553.57
77,Apple iPhone 13 Pro,119900,83.0,1,1,0,6.0,3.22,3095.0,True,0.0,6,128,6.1,120,"[1170, 2532]",3,1.0,12.0,12.0,False,0.0,46,1.0,1.0,apple,1170,2532,457.2543463119592,0.18004767200669453,0.7931034482758621,0.9999999999999998,0.06313494226671293,0.0,0.2941176470588235,0.11811023622047244,0.33333333333333337,0.050505050505050504,0.19597989949748743,0.0,0.585005525448536,0.4640894801695429,553.06
663,LG V60 ThinQ,79990,80.0,1,1,0,8.0,2.84,5000.0,True,0.0,8,128,6.8,60,"[1080, 2460]",3,1.0,64.0,10.0,False,0.0,38,4.0,,lg,1080,2460,395.09317371596666,0.11831536223455186,0.6896551724137931,0.8118811881188117,0.15754001684919966,0.0,0.4117647058823529,0.11811023622047244,0.0,0.31313131313131315,0.1624790619765494,0.0,0.4458502702290027,0.44076546454566085,551.0
661,LG Velvet 5G,54999,85.0,1,1,0,8.0,2.4,4300.0,True,25.0,6,128,6.8,60,"[1080, 2460]",3,1.0,48.0,16.0,True,0.0,38,4.0,3.0,lg,1080,2460,395.09317371596666,0.07965958289314325,0.8620689655172411,0.5940594059405939,0.12285048813122554,0.10416666666666667,0.2941176470588235,0.11811023622047244,0.0,0.23232323232323232,0.26298157453936344,0.0,0.4458502702290027,0.4198181133796321,544.95
345,Apple iPhone 13 (256GB),72999,79.0,1,1,0,6.0,3.22,3240.0,True,0.0,4,256,6.1,60,"[1170, 2532]",2,1.0,12.0,12.0,False,0.0,46,1.0,1.0,apple,1170,2532,457.2543463119592,0.10750176720530982,0.6551724137931032,0.9999999999999998,0.07032063035829328,0.0,0.1764705882352941,0.2440944881889764,0.0,0.050505050505050504,0.19597989949748743,0.0,0.585005525448536,0.42499537395873044,541.87
825,Apple iPhone 12 Pro (256GB),119900,80.0,1,1,0,6.0,3.1,5000.0,False,0.0,6,256,6.1,60,"[1170, 2532]",3,1.0,12.0,12.0,False,0.0,46,1.0,1.0,apple,1170,2532,457.2543463119592,0.18004767200669453,0.6896551724137931,0.9405940594059403,0.15754001684919966,0.0,0.2941176470588235,0.2440944881889764,0.0,0.050505050505050504,0.19597989949748743,0.0,0.585005525448536,0.44760564433656147,540.69
862,Royole FlexPai 3 5G,149999,87.0,1,0,0,8.0,2.84,3360.0,False,0.0,8,128,7.2,60,"[1440, 1920]",3,1.0,64.0,32.0,False,0.0,18,4.0,,royole,1440,1920,333.3333333333333,0.22660444454068904,0.9310344827586206,0.8118811881188117,0.07626740670994597,0.0,0.4117647058823529,0.11811023622047244,0.0,0.31313131313131315,0.5309882747068676,0.0,0.3075934454001056,0.4593117686893444,537.83
16,Apple iPhone 13,62999,79.0,1,1,0,6.0,3.22,3240.0,True,0.0,4,128,6.1,60,"[1170, 2532]",2,1.0,12.0,12.0,False,0.0,46,1.0,1.0,apple,1170,2532,457.2543463119592,0.09203388703188395,0.6551724137931032,0.9999999999999998,0.07032063035829328,0.0,0.1764705882352941,0.11811023622047244,0.0,0.050505050505050504,0.19597989949748743,0.0,0.585005525448536,0.40609773616345485,531.56
276,Apple iPhone 13 Mini,64900,79.0,1,1,0,6.0,3.22,2438.0,True,0.0,4,128,5.4,60,"[1080, 2340]",2,1.0,12.0,12.0,False,0.0,46,1.0,1.0,apple,1080,2340,477.26070210921176,0.0949743310528522,0.6551724137931032,0.9999999999999998,0.03057634174141434,0.0,0.1764705882352941,0.11811023622047244,0.0,0.050505050505050504,0.19597989949748743,0.0,0.6297921572109966,0.40515752466222754,530.12
881,Apple iPhone 12 Mini (256GB),55999,75.0,1,1,0,6.0,3.1,5000.0,False,0.0,4,256,5.4,60,"[1080, 2340]",2,1.0,12.0,12.0,False,0.0,46,1.0,1.0,apple,1080,2340,477.26070210921176,0.08120637091048584,0.5172413793103448,0.9405940594059403,0.15754001684919966,0.0,0.1764705882352941,0.2440944881889764,0.0,0.050505050505050504,0.19597989949748743,0.0,0.6297921572109966,0.39771515848046535,527.98
882,Apple iPhone 12 (256GB),67999,76.0,1,1,0,6.0,3.1,5000.0,False,0.0,4,256,6.1,60,"[1170, 2532]",2,1.0,12.0,12.0,False,0.0,46,1.0,1.0,apple,1170,2532,457.2543463119592,0.09976782711859689,0.5517241379310343,0.9405940594059403,0.15754001684919966,0.0,0.1764705882352941,0.2440944881889764,0.0,0.050505050505050504,0.19597989949748743,0.0,0.585005525448536,0.4023723786164803,526.84
256,Samsung Galaxy S22 FE 5G,51999,79.0,1,1,0,8.0,2.3,4200.0,True,33.0,8,128,6.4,120,"[1080, 2400]",3,1.0,12.0,32.0,False,0.0,35,12.0,3.0,samsung,1080,2400,411.2196037398995,0.0750192188411155,0.6551724137931032,0.5445544554455444,0.11789484117151494,0.1375,0.4117647058823529,0.11811023622047244,0.33333333333333337,0.050505050505050504,0.5309882747068676,0.0,0.4819512218687888,0.39253666089884276,525.65
153,Apple iPhone 15 Pro Max,142990,79.0,1,1,0,,2.3,4352.0,True,25.0,8,256,6.68,120,"[1284, 2778]",3,1.0,50.0,12.0,False,0.0,46,1.0,1.0,apple,1284,2778,458.14106722399544,0.21576300732713485,0.6551724137931032,0.5445544554455444,0.12542742455027503,0.10416666666666667,0.4117647058823529,0.2440944881889764,0.33333333333333337,0.24242424242424243,0.19597989949748743,0.0,0.5869905567738758,0.4282923237111151,517.28
800,Samsung Galaxy S23 FE 5G,54999,77.0,1,1,0,8.0,2.3,4500.0,True,0.0,8,128,6.5,60,"[1080, 2400]",4,1.0,64.0,32.0,False,0.0,35,,3.0,samsung,1080,2400,404.89314829774725,0.07965958289314325,0.5862068965517238,0.5445544554455444,0.1327617820506467,0.0,0.4117647058823529,0.11811023622047244,0.0,0.31313131313131315,0.5309882747068676,0.0,0.46778869106504295,0.38277655385747783,517.17
741,Google Pixel 8,53990,75.0,1,1,0,8.0,2.3,4830.0,True,67.0,8,128,6.6,120,"[1080, 2400]",2,1.0,50.0,10.1,False,0.0,36,13.0,3.0,google,1080,2400,398.7584036265693,0.07809887378364458,0.5172413793103448,0.5445544554455444,0.14911541701769165,0.2791666666666667,0.4117647058823529,0.11811023622047244,0.33333333333333337,0.24242424242424243,0.1641541038525963,0.0,0.4540553278614107,0.3819884990146091,516.97
740,Apple iPhone 14 Pro Max (512GB),169900,78.0,1,1,0,6.0,2.3,4323.0,True,0.0,6,512,6.7,120,"[1290, 2796]",3,1.0,48.0,12.0,False,0.0,46,1.0,1.0,apple,1290,2796,459.5879875379156,0.2573870728738239,0.6206896551724137,0.5445544554455444,0.12399028693195896,0.0,0.2941176470588235,0.49606299212598426,0.33333333333333337,0.23232323232323232,0.19597989949748743,0.0,0.590229661783598,0.437657892186939,513.9
306,Apple iPhone 12 (128GB),55999,75.0,1,1,0,6.0,3.1,5000.0,False,0.0,4,128,6.1,60,"[1170, 2532]",2,1.0,12.0,12.0,False,0.0,46,1.0,1.0,apple,1170,2532,457.2543463119592,0.08120637091048584,0.5172413793103448,0.9405940594059403,0.15754001684919966,0.0,0.1764705882352941,0.11811023622047244,0.0,0.050505050505050504,0.19597989949748743,0.0,0.585005525448536,0.37657818909706675,512.13
112,Apple iPhone 12,51999,74.0,1,1,0,6.0,3.1,5000.0,False,0.0,4,64,6.1,60,"[1170, 2532]",2,1.0,12.0,12.0,False,0.0,46,1.0,1.0,apple,1170,2532,457.2543463119592,0.0750192188411155,0.4827586206896548,0.9405940594059403,0.15754001684919966,0.0,0.1764705882352941,0.05511811023622047,0.0,0.050505050505050504,0.19597989949748743,0.0,0.585005525448536,0.360232818475291,501.42
399,Apple iPhone 15 Ultra,149900,79.0,1,1,0,8.0,2.3,4700.0,True,0.0,8,128,6.73,120,"[1290, 2796]",3,1.0,48.0,12.0,False,0.0,46,1.0,1.0,apple,1290,2796,457.5393040867807,0.22645131252697212,0.6551724137931032,0.5445544554455444,0.1426730759700679,0.0,0.4117647058823529,0.11811023622047244,0.33333333333333337,0.23232323232323232,0.19597989949748743,0.0,0.5856434376729369,0.40677390126629526,498.47
210,Apple iPhone 14 Pro Max (256GB),139990,77.0,1,1,0,6.0,2.3,4323.0,True,0.0,6,256,6.7,120,"[1290, 2796]",3,1.0,48.0,12.0,False,0.0,46,1.0,1.0,apple,1290,2796,459.5879875379156,0.2111226432751071,0.5862068965517238,0.5445544554455444,0.12399028693195896,0.0,0.2941176470588235,0.2440944881889764,0.33333333333333337,0.23232323232323232,0.19597989949748743,0.0,0.590229661783598,0.3929660648722499,491.94
893,Apple iPhone 15 Plus,84990,75.0,1,1,0,6.0,2.3,4532.0,True,0.0,8,128,6.71,120,"[1284, 2778]",2,1.0,12.0,12.0,False,0.0,46,1.0,1.0,apple,1284,2778,456.09274650615345,0.1260493023212648,0.5172413793103448,0.5445544554455444,0.1343475890777541,0.0,0.4117647058823529,0.11811023622047244,0.33333333333333337,0.050505050505050504,0.19597989949748743,0.0,0.5824051446852831,0.3638142862235212,491.35
417,Apple iPhone 14 Pro (256GB),129990,76.0,1,1,0,6.0,2.3,3200.0,True,0.0,6,256,6.1,120,"[1179, 2556]",3,1.0,48.0,12.0,False,0.0,46,1.0,1.0,apple,1179,2556,461.4448931470025,0.19565476310168123,0.5517241379310343,0.5445544554455444,0.06833837157440903,0.0,0.2941176470588235,0.2440944881889764,0.33333333333333337,0.23232323232323232,0.19597989949748743,0.0,0.5943865681474869,0.38182520523770247,487.46
445,Apple iPhone 15 Pro,130990,75.0,1,1,0,,2.3,5000.0,False,0.0,8,128,6.06,120,"[1170, 2532]",3,1.0,50.0,12.0,False,0.0,46,1.0,1.0,apple,1170,2532,460.27252681566847,0.1972015511190238,0.5172413793103448,0.5445544554455444,0.15754001684919966,0.0,0.4117647058823529,0.11811023622047244,0.33333333333333337,0.24242424242424243,0.19597989949748743,0.0,0.5917620852229466,0.38149106282565537,486.82
28,Apple iPhone 14 Pro Max,129990,76.0,1,1,0,6.0,2.3,4323.0,True,0.0,6,128,6.7,120,"[1290, 2796]",3,1.0,48.0,12.0,False,0.0,46,1.0,1.0,apple,1290,2796,459.5879875379156,0.19565476310168123,0.5517241379310343,0.5445544554455444,0.12399028693195896,0.0,0.2941176470588235,0.11811023622047244,0.33333333333333337,0.23232323232323232,0.19597989949748743,0.0,0.590229661783598,0.3671718753528364,476.47
101,Apple iPhone 14 Pro,119990,75.0,1,1,0,6.0,2.3,3200.0,True,0.0,6,128,6.1,120,"[1179, 2556]",3,1.0,48.0,12.0,False,0.0,46,1.0,1.0,apple,1179,2556,461.4448931470025,0.18018688292825535,0.5172413793103448,0.5445544554455444,0.06833837157440903,0.0,0.2941176470588235,0.11811023622047244,0.33333333333333337,0.23232323232323232,0.19597989949748743,0.0,0.5943865681474869,0.356031015718289,471.98
595,Apple iPhone 11 Pro Max,109900,77.0,0,1,0,6.0,2.65,3500.0,True,18.0,4,64,6.5,60,"[1242, 2688]",3,1.0,12.0,12.0,False,0.0,46,1.0,1.0,apple,1242,2688,455.54851520353134,0.16457979183326865,0.5862068965517238,0.7178217821782176,0.08320531245354082,0.075,0.1764705882352941,0.05511811023622047,0.0,0.050505050505050504,0.19597989949748743,0.0,0.5811868175101018,0.32361892031497186,451.57
707,Apple iPhone 15,82990,72.0,0,1,0,,2.3,3285.0,True,0.0,6,128,6.06,60,"[1170, 2532]",2,1.0,50.0,13.0,False,0.0,46,1.0,1.0,apple,1170,2532,460.27252681566847,0.12295572628657961,0.4137931034482758,0.5445544554455444,0.07255067149016303,0.0,0.2941176470588235,0.11811023622047244,0.0,0.24242424242424243,0.21273031825795644,0.0,0.5917620852229466,0.3031893720552606,446.65
596,Apple iPhone 7s,52990,80.0,0,0,0,4.0,2.37,2230.0,False,0.0,3,32,4.7,60,"[750, 1334]",1,1.0,13.0,7.0,False,0.0,46,7.0,1.0,apple,750,1334,325.6122832234166,0.07655208576630199,0.6896551724137931,0.5792079207920791,0.02026859606521632,0.0,0.1176470588235294,0.023622047244094488,0.0,0.05555555555555556,0.11222780569514237,0.0,0.2903089468339134,0.26770624604002297,431.64
281,Apple iPhone 14 Mini,69990,70.0,0,1,0,,2.3,3500.0,True,0.0,6,128,5.42,60,"[1080, 2340]",2,1.0,12.0,12.0,False,0.0,46,1.0,1.0,apple,1080,2340,475.4995925073328,0.10284748206112598,0.34482758620689635,0.5445544554455444,0.08320531245354082,0.0,0.2941176470588235,0.11811023622047244,0.0,0.050505050505050504,0.19597989949748743,0.0,0.6258497017217506,0.276431981167855,431.61
888,Xiaomi Redmi K20 Pro Signature Edition,480000,88.0,0,1,0,8.0,2.8,4000.0,True,27.0,8,256,6.39,60,"[1080, 2340]",3,1.0,48.0,20.0,False,0.0,32,4.0,3.0,xiaomi,1080,2340,403.31890319088325,0.7370460370517602,0.96551724137931,0.7920792079207919,0.10798354725209378,0.1125,0.4117647058823529,0.2440944881889764,0.0,0.23232323232323232,0.3299832495812395,0.0,0.464264554204763,0.4874068111467569,431.29
263,Apple iPhone XR2,71999,60.0,0,1,0,,2.3,3060.0,True,0.0,4,64,6.1,60,"[828, 1792]",2,1.0,12.0,7.0,False,0.0,46,1.0,1.0,apple,828,1792,323.613699324913,0.10595497918796723,0.0,0.5445544554455444,0.06140046583081421,0.0,0.1764705882352941,0.05511811023622047,0.0,0.050505050505050504,0.11222780569514237,0.0,0.2858348765926475,0.16078793628101182,344.1
428,Vertu Signature Touch,650000,62.0,0,1,0,8.0,1.5,2275.0,False,0.0,2,64,4.7,60,"[1080, 1920]",1,1.0,13.0,2.1,False,0.0,17,4.0,3.0,vertu,1080,1920,468.70365320899964,1.0,0.068965517241379,0.14851485148514842,0.022498637197086085,0.0,0.058823529411764705,0.05511811023622047,0.0,0.05555555555555556,0.03015075376884422,0.0,0.6106361748846301,0.11023922882037712,82.68
